<?xml version="1.0" encoding="utf-8"?>
<scpd xmlns="urn:schemas-upnp-org:service-1-0">
  <serviceStateTable>
    <stateVariable><Optional/>
      <name>UIListingUpdate</name>
      <sendEventsAttribute>yes</sendEventsAttribute>
      <dataType>string</dataType>
    </stateVariable>
    <stateVariable>
      <name>A_ARG_TYPE_DeviceProfile</name>
      <sendEventsAttribute>no</sendEventsAttribute>
      <dataType>string</dataType>
    </stateVariable>
    <stateVariable><Optional/>
      <name>A_ARG_TYPE_URI</name>
      <sendEventsAttribute>no</sendEventsAttribute>
      <dataType>uri</dataType>
    </stateVariable>
    <stateVariable>
      <name>A_ARG_TYPE_CompatibleUIs</name>
      <sendEventsAttribute>no</sendEventsAttribute>
      <dataType>string</dataType>
    </stateVariable>
    <stateVariable>
      <name>A_ARG_TYPE_String</name>
      <sendEventsAttribute>no</sendEventsAttribute>
      <dataType>string</dataType>
    </stateVariable>
    <stateVariable><Optional/>
      <name>A_ARG_TYPE_Int</name>
      <sendEventsAttribute>no</sendEventsAttribute>
      <dataType>int</dataType>
    </stateVariable>
  </serviceStateTable>
  <actionList>
    <action>
      <name>GetCompatibleUIs</name>
      <argumentList>
        <argument>
          <name>InputDeviceProfile</name>
          <direction>in</direction>
          <relatedStateVariable>A_ARG_TYPE_DeviceProfile</relatedStateVariable>
        </argument>
        <argument>
          <name>UIFilter</name>
          <direction>in</direction>
          <relatedStateVariable>A_ARG_TYPE_String</relatedStateVariable>
        </argument>
        <argument>
          <name>UIListing</name>
          <direction>out</direction>
          <relatedStateVariable>A_ARG_TYPE_CompatibleUIs</relatedStateVariable>
        </argument>
      </argumentList>
    </action>
    <action><Optional/>
      <name>SetUILifetime</name>
      <argumentList>
        <argument>
          <name>UI</name>
          <direction>in</direction>
          <relatedStateVariable>A_ARG_TYPE_URI</relatedStateVariable>
        </argument>
        <argument>
          <name>Lifetime</name>
          <direction>in</direction>
          <relatedStateVariable>A_ARG_TYPE_Int</relatedStateVariable>
        </argument>
      </argumentList>
    </action>
  </actionList>
</scpd>


