<?xml version="1.0" encoding="UTF-8" standalone="no"?>
<scpd><specVersion><major>1</major><minor>0</minor></specVersion><serviceStateTable><stateVariable><name>PrinterName</name><sendEventsAttribute>no</sendEventsAttribute><dataType>string</dataType><defaultValue></defaultValue></stateVariable><stateVariable><name>PrinterLocation</name><sendEventsAttribute>no</sendEventsAttribute><dataType>string</dataType><defaultValue></defaultValue></stateVariable><stateVariable><name>DeviceId</name><sendEventsAttribute>no</sendEventsAttribute><dataType>string</dataType><defaultValue></defaultValue></stateVariable><stateVariable><name>PrinterState</name><sendEventsAttribute>yes</sendEventsAttribute><dataType>string</dataType><defaultValue>idle</defaultValue><allowedValueList><allowedValue>idle</allowedValue><allowedValue>processing</allowedValue><allowedValue>stopped</allowedValue></allowedValueList></stateVariable><stateVariable><name>PrinterStateReasons</name><sendEventsAttribute>yes</sendEventsAttribute><dataType>string</dataType><defaultValue>none</defaultValue><allowedValueList><allowedValue>none</allowedValue><allowedValue>attention-required</allowedValue><allowedValue>media-jam</allowedValue><allowedValue>paused</allowedValue><allowedValue>door-open</allowedValue><allowedValue>media-low</allowedValue><allowedValue>media-empty</allowedValue><allowedValue>output-area-almost-full</allowedValue><allowedValue>output-area-full</allowedValue><allowedValue>marker-supply-low</allowedValue><allowedValue>marker-supply-empty</allowedValue><allowedValue>marker-failure</allowedValue><allowedValue>media-change-request</allowedValue></allowedValueList></stateVariable><stateVariable><name>XHTMLImageSupported</name><sendEventsAttribute>no</sendEventsAttribute><dataType>string</dataType><defaultValue>image/jpeg</defaultValue><allowedValueList><allowedValue>image/jpeg</allowedValue></allowedValueList></stateVariable><stateVariable><name>ColorSupported</name><sendEventsAttribute>no</sendEventsAttribute><dataType>boolean</dataType><defaultValue></defaultValue></stateVariable><stateVariable><name>JobIdList</name><sendEventsAttribute>yes</sendEventsAttribute><dataType>string</dataType><defaultValue></defaultValue></stateVariable><stateVariable><name>JobId</name><sendEventsAttribute>no</sendEventsAttribute><dataType>i4</dataType><defaultValue>0</defaultValue><allowedValueRange><minimum>0</minimum><maximum>2147483647</maximum><step>1</step></allowedValueRange></stateVariable><stateVariable><name>JobEndState</name><sendEventsAttribute>yes</sendEventsAttribute><dataType>string</dataType><defaultValue></defaultValue></stateVariable><stateVariable><name>JobName</name><sendEventsAttribute>no</sendEventsAttribute><dataType>string</dataType><defaultValue></defaultValue></stateVariable><stateVariable><name>JobOriginatingUserName</name><sendEventsAttribute>no</sendEventsAttribute><dataType>string</dataType><defaultValue></defaultValue></stateVariable><stateVariable><name>DocumentFormat</name><sendEventsAttribute>no</sendEventsAttribute><dataType>string</dataType><allowedValueList><allowedValue>unknown</allowedValue><allowedValue>application/vnd.pwg-xhtml-print+xml</allowedValue></allowedValueList></stateVariable><stateVariable><name>Copies</name><sendEventsAttribute>no</sendEventsAttribute><dataType>i4</dataType><defaultValue>1</defaultValue><allowedValueRange><minimum>0</minimum><maximum>2147483647</maximum><step>1</step></allowedValueRange></stateVariable><stateVariable><name>Sides</name><sendEventsAttribute>no</sendEventsAttribute><dataType>string</dataType><defaultValue>one-sided</defaultValue><allowedValueList><allowedValue>one-sided</allowedValue><allowedValue>device-setting</allowedValue></allowedValueList></stateVariable><stateVariable><name>NumberUp</name><sendEventsAttribute>no</sendEventsAttribute><dataType>string</dataType><defaultValue>1</defaultValue><allowedValueList><allowedValue>1</allowedValue><allowedValue>device-setting</allowedValue></allowedValueList></stateVariable><stateVariable><name>OrientationRequested</name><sendEventsAttribute>no</sendEventsAttribute><dataType>string</dataType><defaultValue>portrait</defaultValue><allowedValueList><allowedValue>portrait</allowedValue><allowedValue>device-setting</allowedValue></allowedValueList></stateVariable><stateVariable><name>MediaSize</name><sendEventsAttribute>no</sendEventsAttribute><dataType>string</dataType><defaultValue></defaultValue><allowedValueList><allowedValue>device-setting</allowedValue></allowedValueList></stateVariable><stateVariable><name>MediaType</name><sendEventsAttribute>no</sendEventsAttribute><dataType>string</dataType><allowedValueList><allowedValue>device-setting</allowedValue></allowedValueList></stateVariable><stateVariable><name>PrintQuality</name><sendEventsAttribute>no</sendEventsAttribute><dataType>string</dataType><defaultValue>normal</defaultValue><allowedValueList><allowedValue>normal</allowedValue><allowedValue>device-setting</allowedValue></allowedValueList></stateVariable><stateVariable><name>DataSink</name><sendEventsAttribute>no</sendEventsAttribute><dataType>uri</dataType></stateVariable><stateVariable><name>JobMediaSheetsCompleted</name><sendEventsAttribute>yes</sendEventsAttribute><dataType>i4</dataType><defaultValue></defaultValue><allowedValueRange><minimum>-1</minimum><maximum>2147483647</maximum><step>1</step></allowedValueRange></stateVariable></serviceStateTable><actionList><action><name>CreateJob</name><argumentList><argument><name>JobName</name><direction>in</direction><relatedStateVariable>JobName</relatedStateVariable></argument><argument><name>JobOriginatingUserName</name><direction>in</direction><relatedStateVariable>JobOriginatingUserName</relatedStateVariable></argument><argument><name>DocumentFormat</name><direction>in</direction><relatedStateVariable>DocumentFormat</relatedStateVariable></argument><argument><name>Copies</name><direction>in</direction><relatedStateVariable>Copies</relatedStateVariable></argument><argument><name>Sides</name><direction>in</direction><relatedStateVariable>Sides</relatedStateVariable></argument><argument><name>NumberUp</name><direction>in</direction><relatedStateVariable>NumberUp</relatedStateVariable></argument><argument><name>OrientationRequested</name><direction>in</direction><relatedStateVariable>OrientationRequested</relatedStateVariable></argument><argument><name>MediaSize</name><direction>in</direction><relatedStateVariable>MediaSize</relatedStateVariable></argument><argument><name>MediaType</name><direction>in</direction><relatedStateVariable>MediaType</relatedStateVariable></argument><argument><name>PrintQuality</name><direction>in</direction><relatedStateVariable>PrintQuality</relatedStateVariable></argument><argument><name>JobId</name><direction>out</direction><relatedStateVariable>JobId</relatedStateVariable></argument><argument><name>DataSink</name><direction>out</direction><relatedStateVariable>DataSink</relatedStateVariable></argument></argumentList></action><action><name>CancelJob</name><argumentList><argument><name>JobId</name><direction>in</direction><relatedStateVariable>JobId</relatedStateVariable></argument></argumentList></action><action><name>GetPrinterAttributes</name><argumentList><argument><name>PrinterState</name><direction>out</direction><relatedStateVariable>PrinterState</relatedStateVariable></argument><argument><name>PrinterStateReasons</name><direction>out</direction><relatedStateVariable>PrinterStateReasons</relatedStateVariable></argument><argument><name>JobIdList</name><direction>out</direction><relatedStateVariable>JobIdList</relatedStateVariable></argument><argument><name>JobId</name><direction>out</direction><relatedStateVariable>JobId</relatedStateVariable></argument></argumentList></action><action><name>GetJobAttributes</name><argumentList><argument><name>JobId</name><direction>in</direction><relatedStateVariable>JobId</relatedStateVariable></argument><argument><name>JobName</name><direction>out</direction><relatedStateVariable>JobName</relatedStateVariable></argument><argument><name>JobOriginatingUserName</name><direction>out</direction><relatedStateVariable>JobOriginatingUserName</relatedStateVariable></argument><argument><name>JobMediaSheetsCompleted</name><direction>out</direction><relatedStateVariable>JobMediaSheetsCompleted</relatedStateVariable></argument></argumentList></action></actionList></scpd>