<?xml version="1.0"?>
<scpd xmlns="urn:schemas-upnp-org:QosDevice:1">
   <specVersion>
      <major>1</major>
      <minor>0</minor>
   </specVersion>
<actionList>
   <action>
      <name>GetPathInformation</name>
      <argumentList>
         <argument>
            <name>PathInformation</name>
            <direction>out</direction>
            <relatedStateVariable>PathInformation</relatedStateVariable>
         </argument>
      </argumentList>
   </action>
   <action>
      <name>GetQosDeviceCapabilities</name>
      <argumentList>
         <argument>
            <name>QosDeviceCapabilities</name>
            <direction>out</direction>
            <relatedStateVariable>A_ARG_TYPE_QosDeviceCapabilities</relatedStateVariable>
         </argument>
      </argumentList>
   </action>
   <action><Optional/>
      <name>GetQosDeviceInfo</name>
      <argumentList>
         <argument>
            <name>SetupTrafficDescriptor</name>
            <direction>in</direction>
            <relatedStateVariable>A_ARG_TYPE_TrafficDescriptor</relatedStateVariable>
         </argument>
         <argument>
            <name>QosDeviceInfo</name>
            <direction>out</direction>
            <relatedStateVariable>A_ARG_TYPE_QosDeviceInfo</relatedStateVariable>
         </argument>
      </argumentList>
   </action>
   <action>
      <name>GetQosState</name>
      <argumentList>
         <argument>
            <name>QosDeviceState</name>
            <direction>out</direction>
            <relatedStateVariable>A_ARG_TYPE_QosDeviceState</relatedStateVariable>
         </argument>
         <argument>
            <name>NumberOfTrafficDescriptors</name>
            <direction>out</direction>
            <relatedStateVariable>A_ARG_TYPE_NumTrafficDescriptors</relatedStateVariable>
         </argument>
         <argument>
            <name>ListOfTrafficDescriptors</name>
            <direction>out</direction>
            <relatedStateVariable>A_ARG_TYPE_TrafficDescriptorsPerInterface</relatedStateVariable>
         </argument>
      </argumentList>
   </action>
   <action>
      <name>ReleaseTrafficQos</name>
      <argumentList>
         <argument>
            <name>ReleaseTrafficHandle</name>
            <direction>in</direction>
            <relatedStateVariable>A_ARG_TYPE_TrafficHandle</relatedStateVariable>
         </argument>
      </argumentList>
   </action>
   <action>
      <name>SetupTrafficQos</name>
      <argumentList>
         <argument>
            <name>SetupTrafficDescriptor</name>
            <direction>in</direction>
            <relatedStateVariable>A_ARG_TYPE_TrafficDescriptor</relatedStateVariable>
         </argument>
         <argument>
            <name>QosStateId</name>
            <direction>in</direction>
            <relatedStateVariable>A_ARG_TYPE_QosStateId</relatedStateVariable>
         </argument>
      </argumentList>
   </action>
</actionList>

<serviceStateTable>
   <stateVariable>
      <name>A_ARG_TYPE_TrafficHandle</name>
      <sendEventsAttribute>no</sendEventsAttribute>
      <dataType>string</dataType>
   </stateVariable>
   <stateVariable>
      <name>A_ARG_TYPE_QosStateId</name>
      <sendEventsAttribute>no</sendEventsAttribute>
      <dataType>string</dataType>
   </stateVariable>
   <stateVariable>
      <name>A_ARG_TYPE_QosDeviceState</name>
      <sendEventsAttribute>no</sendEventsAttribute>
      <dataType>string</dataType>
   </stateVariable>
   <stateVariable>
      <name>A_ARG_TYPE_NumTrafficDescriptors</name>
      <sendEventsAttribute>no</sendEventsAttribute>
      <dataType>ui4</dataType>
   </stateVariable>
   <stateVariable>
      <Optional/>
      <name>A_ARG_TYPE_QosDeviceInfo</name>
      <sendEventsAttribute>no</sendEventsAttribute>
      <dataType>string</dataType>
   </stateVariable>
   <stateVariable>
      <Optional/>
      <name>PathInformation</name>
      <sendEventsAttribute>yes</sendEventsAttribute>
      <dataType>string</dataType>
   </stateVariable>
   <stateVariable>
      <name>A_ARG_TYPE_QosDeviceCapabilities</name>
      <sendEventsAttribute>no</sendEventsAttribute>
      <dataType>string</dataType>
   </stateVariable>
   <stateVariable>
      <name>A_ARG_TYPE_TrafficDescriptorsPerInterface</name>
      <sendEventsAttribute>no</sendEventsAttribute>
      <dataType>string</dataType>
   </stateVariable>
   <stateVariable>
      <name>A_ARG_TYPE_TrafficDescriptor</name>
      <sendEventsAttribute>no</sendEventsAttribute>
      <dataType>string</dataType>
   </stateVariable>
</serviceStateTable>
</scpd>