<?xml version="1.0"?>
<scpd xmlns="urn:schemas-upnp-org:QosManager:1">

   <specVersion>
      <major>1</major>
      <minor>0</minor>
   </specVersion>

   <actionList>
      <action>
         <name>RequestTrafficQos</name>
         <argumentList>
            <argument>
               <name>InitialTrafficDescriptor</name>
               <direction>in</direction>
               <relatedStateVariable>A_ARG_TYPE_TrafficDescriptor
               </relatedStateVariable>
            </argument>
            <argument>
               <name>TrafficHandle</name>
               <direction>out</direction>
               <relatedStateVariable>A_ARG_TYPE_TrafficHandle
               </relatedStateVariable>
            </argument>
            <argument>
               <name>NumPolicyHolders</name>
               <direction>out</direction>
               <relatedStateVariable>A_ARG_TYPE_NumPolicyHolders
               </relatedStateVariable>
            </argument>
            <argument>
               <name>UpdatedTrafficDescriptor</name>
               <direction>out</direction>
               <relatedStateVariable>A_ARG_TYPE_TrafficDescriptor
               </relatedStateVariable>
            </argument>
         </argumentList>
      </action>
      <action>
         <name>BrowseAllTrafficDescriptors</name>
         <argumentList>
            <argument>
               <name>NumberOfTrafficDescriptors</name>
               <direction>out</direction>
               <relatedStateVariable>A_ARG_TYPE_NumTrafficDescriptors
               </relatedStateVariable>
            </argument>
            <argument>
               <name>TrafficDescriptorList</name>
               <direction>out</direction>
               <relatedStateVariable>A_ARG_TYPE_ListOfTrafficDescriptors
               </relatedStateVariable>
            </argument>
         </argumentList>
      </action>
      <action>
         <name>ReleaseTrafficQos</name>
         <argumentList>
            <argument>
               <name>RevokeTrafficHandle</name>
               <direction>in</direction>
               <relatedStateVariable>A_ARG_TYPE_TrafficHandle
               </relatedStateVariable>
            </argument>
         </argumentList>
      </action>
      <action>
         <name>UpdateTrafficQos</name>
         <argumentList>
            <argument>
               <name>TrafficHandle</name>
               <direction>in</direction>
               <relatedStateVariable>A_ARG_TYPE_TrafficHandle
               </relatedStateVariable>
            </argument>
            <argument>
               <name>RequestedTrafficDescriptor</name>
               <direction>in</direction>
               <relatedStateVariable>A_ARG_TYPE_TrafficDescriptor
               </relatedStateVariable>
            </argument>
            <argument>
               <name>ImplementedTrafficDescriptor</name>
               <direction>out</direction>
               <relatedStateVariable>A_ARG_TYPE_TrafficDescriptor
               </relatedStateVariable>
            </argument>
            <argument>
               <name>NumPolicyHolders</name>
               <direction>out</direction>
               <relatedStateVariable>A_ARG_TYPE_NumPolicyHolders
               </relatedStateVariable>
           </argument>
         </argumentList>
      </action>
   </actionList>

   <serviceStateTable>
      <stateVariable>
         <name>A_ARG_TYPE_NumPolicyHolders</name>
         <sendEventsAttribute>no</sendEventsAttribute>
         <dataType>ui4</dataType>
      </stateVariable>
      <stateVariable>
         <name>A_ARG_TYPE_NumTrafficDescriptors</name>
         <sendEventsAttribute>no</sendEventsAttribute>
         <dataType>ui4</dataType>
      </stateVariable>
      <stateVariable>
         <name>A_ARG_TYPE_TrafficHandle</name>
	 <sendEventsAttribute>no</sendEventsAttribute>
         <dataType>string</dataType>
      </stateVariable>
      <stateVariable>
         <name>A_ARG_TYPE_TrafficDescriptor</name>
	 <sendEventsAttribute>no</sendEventsAttribute>
         <dataType>string</dataType>
      </stateVariable>
      <stateVariable>
         <name>A_ARG_TYPE_ListOfTrafficDescriptors</name>
	 <sendEventsAttribute>no</sendEventsAttribute>
         <dataType>string</dataType>
      </stateVariable>
   </serviceStateTable>
</scpd>