<?xml version="1.0"?>
<scpd xmlns="urn:schemas-upnp-org:QosPolicyHolder:1">
  <specVersion> 
    <major>1</major>
    <minor>0</minor>
  </specVersion>
  <actionList>
    <action>
      <name>GetTrafficPolicy</name>
      <argumentList>
        <argument>
          <name>RequestedTrafficDescriptor</name>
          <relatedStateVariable>A_ARG_TYPE_TrafficDescriptor</relatedStateVariable>
          <direction>in</direction>
        </argument>
        <argument>
          <name>OutputTrafficPolicy</name>
          <relatedStateVariable>A_ARG_TYPE_TrafficPolicy</relatedStateVariable>
          <direction>out</direction>
          <retval/>
        </argument>
      </argumentList>
    </action>
</actionList>
 <serviceStateTable>
    <stateVariable>
      <name>A_ARG_TYPE_TrafficDescriptor</name> 
      <sendEventsAttribute>no</sendEventsAttribute>
      <dataType>string</dataType> 
    </stateVariable>
    <stateVariable>
      <name>A_ARG_TYPE_TrafficPolicy</name> 
      <sendEventsAttribute>no</sendEventsAttribute>
      <dataType>string</dataType> 
    </stateVariable>
  </serviceStateTable>
</scpd>